{"batch/loss": 0.669048011302948, "batch/accuracy": 0.5905994772911072, "batch/batch_step": 245, "batch/learning_rate": 0.0010000000474974513, "_timestamp": 1716128735.2843926, "_runtime": 146.42382049560547, "_step": 54, "epoch/loss": 0.6661009788513184, "epoch/accuracy": 0.593999981880188, "epoch/val_loss": 0.5337087512016296, "epoch/val_accuracy": 0.7860000133514404, "epoch/epoch": 4, "epoch/learning_rate": 0.0010000000474974513, "_wandb": {"runtime": 141}}